timestamp,alert_type,item_id,reviewer_email,action,success
2026-01-25T15:49:13.730812,incident,TEST-001,tom@example.com,sent,False
2026-01-25T16:14:34.633774,incident,TEST-001,incidexau@gmail.com,sent,True
2026-01-25T16:21:30.700416,incident,INC-20260125162127,incidexau@gmail.com,sent,True
2026-01-25T16:21:34.269482,incident,INC-20260125162130,incidexau@gmail.com,sent,True
2026-01-25T16:21:37.682055,incident,INC-20260125162134,incidexau@gmail.com,sent,True
2026-01-25T16:21:41.238473,incident,INC-20260125162137,incidexau@gmail.com,sent,True
2026-01-25T16:21:44.739616,incident,INC-20260125162141,incidexau@gmail.com,sent,True
2026-01-25T16:21:48.185283,incident,INC-20260125162144,incidexau@gmail.com,sent,True
2026-01-25T16:21:51.902432,incident,INC-20260125162148,incidexau@gmail.com,sent,True
2026-01-25T16:21:55.423468,incident,INC-20260125162151,incidexau@gmail.com,sent,True
2026-01-25T16:21:59.125037,incident,INC-20260125162155,incidexau@gmail.com,sent,True
2026-01-25T16:22:02.631670,incident,INC-20260125162159,incidexau@gmail.com,sent,True
2026-01-25T16:22:06.080084,incident,INC-20260125162202,incidexau@gmail.com,sent,True
2026-01-25T16:22:09.539198,incident,INC-20260125162206,incidexau@gmail.com,sent,True
2026-01-25T16:22:12.916791,incident,INC-20260125162209,incidexau@gmail.com,sent,True
2026-01-25T16:22:16.291954,incident,INC-20260125162212,incidexau@gmail.com,sent,True
2026-01-25T16:22:19.747566,incident,INC-20260125162216,incidexau@gmail.com,sent,True
2026-01-25T16:22:23.153171,incident,INC-20260125162219,incidexau@gmail.com,sent,True
2026-01-25T16:22:26.664300,incident,INC-20260125162223,incidexau@gmail.com,sent,True
2026-01-25T16:22:30.097484,incident,INC-20260125162226,incidexau@gmail.com,sent,True
2026-01-25T16:22:33.452807,incident,INC-20260125162230,incidexau@gmail.com,sent,True
2026-01-25T16:22:36.925944,incident,INC-20260125162233,incidexau@gmail.com,sent,True
2026-01-25T16:22:40.339675,incident,INC-20260125162236,incidexau@gmail.com,sent,True
2026-01-25T16:22:43.780715,incident,INC-20260125162240,incidexau@gmail.com,sent,True
2026-01-25T16:22:47.736260,incident,INC-20260125162243,incidexau@gmail.com,sent,True
2026-01-25T16:22:51.173760,incident,INC-20260125162247,incidexau@gmail.com,sent,True
2026-01-25T16:22:54.666014,incident,INC-20260125162251,incidexau@gmail.com,sent,True
2026-01-25T16:22:58.084042,incident,INC-20260125162254,incidexau@gmail.com,sent,True
2026-01-25T16:23:01.708679,incident,INC-20260125162258,incidexau@gmail.com,sent,True
2026-01-25T16:23:05.215285,incident,INC-20260125162301,incidexau@gmail.com,sent,True
2026-01-25T16:23:08.678209,incident,INC-20260125162305,incidexau@gmail.com,sent,True
2026-01-25T16:23:12.089749,incident,INC-20260125162308,incidexau@gmail.com,sent,True
2026-01-25T16:23:15.413246,incident,INC-20260125162312,incidexau@gmail.com,sent,True
2026-01-25T16:23:18.903577,incident,INC-20260125162315,incidexau@gmail.com,sent,True
2026-01-25T16:23:22.195440,incident,INC-20260125162318,incidexau@gmail.com,sent,True
2026-01-25T16:23:25.627916,incident,INC-20260125162322,incidexau@gmail.com,sent,True
2026-01-25T16:23:29.100978,incident,INC-20260125162325,incidexau@gmail.com,sent,True
2026-01-25T16:23:32.630893,incident,INC-20260125162329,incidexau@gmail.com,sent,True
2026-01-25T16:23:35.991607,incident,INC-20260125162332,incidexau@gmail.com,sent,True
2026-01-25T16:23:40.059368,incident,INC-20260125162335,incidexau@gmail.com,sent,True
2026-01-25T16:23:43.582069,incident,INC-20260125162340,incidexau@gmail.com,sent,True
2026-01-25T16:23:47.062267,incident,INC-20260125162343,incidexau@gmail.com,sent,True
2026-01-25T16:23:50.513316,incident,INC-20260125162347,incidexau@gmail.com,sent,True
2026-01-25T16:23:54.018918,incident,INC-20260125162350,incidexau@gmail.com,sent,True
2026-01-25T16:23:57.474037,incident,INC-20260125162354,incidexau@gmail.com,sent,True
2026-01-25T16:24:01.140809,incident,INC-20260125162357,incidexau@gmail.com,sent,True
2026-01-25T16:24:04.527850,incident,INC-20260125162401,incidexau@gmail.com,sent,True
2026-01-25T16:24:07.872184,incident,INC-20260125162404,incidexau@gmail.com,sent,True
2026-01-25T16:24:12.158156,incident,INC-20260125162407,incidexau@gmail.com,sent,True
2026-01-25T16:24:15.543477,incident,INC-20260125162412,incidexau@gmail.com,sent,True
2026-01-25T16:24:18.921239,incident,INC-20260125162415,incidexau@gmail.com,sent,True
2026-01-25T16:24:22.330915,incident,INC-20260125162418,incidexau@gmail.com,sent,True
2026-01-25T16:24:25.797103,incident,INC-20260125162422,incidexau@gmail.com,sent,True
2026-01-25T16:24:29.387779,incident,INC-20260125162425,incidexau@gmail.com,sent,True
2026-01-25T16:24:32.845191,incident,INC-20260125162429,incidexau@gmail.com,sent,True
2026-01-25T16:24:36.403258,incident,INC-20260125162432,incidexau@gmail.com,sent,True
2026-01-25T16:24:39.825049,incident,INC-20260125162436,incidexau@gmail.com,sent,True
2026-01-25T16:24:43.353515,incident,INC-20260125162439,incidexau@gmail.com,sent,True
2026-01-25T16:24:47.226334,incident,INC-20260125162443,incidexau@gmail.com,sent,True
2026-01-25T16:24:50.674330,incident,INC-20260125162447,incidexau@gmail.com,sent,True
2026-01-25T16:24:54.202277,incident,INC-20260125162450,incidexau@gmail.com,sent,True
2026-01-25T16:24:57.603490,incident,INC-20260125162454,incidexau@gmail.com,sent,True
2026-01-25T16:25:01.526297,incident,INC-20260125162457,incidexau@gmail.com,sent,True
2026-01-25T16:25:05.010504,incident,INC-20260125162501,incidexau@gmail.com,sent,True
2026-01-25T16:25:08.587425,incident,INC-20260125162505,incidexau@gmail.com,sent,True
2026-01-25T16:25:12.101001,incident,INC-20260125162508,incidexau@gmail.com,sent,True
2026-01-25T16:25:15.549265,incident,INC-20260125162512,incidexau@gmail.com,sent,True
2026-01-25T16:25:19.556889,incident,INC-20260125162515,incidexau@gmail.com,sent,True
2026-01-25T16:25:22.999677,incident,INC-20260125162519,incidexau@gmail.com,sent,True
2026-01-25T16:25:26.484684,incident,INC-20260125162523,incidexau@gmail.com,sent,True
2026-01-25T16:25:30.465457,incident,INC-20260125162526,incidexau@gmail.com,sent,True
2026-01-25T16:25:34.275700,incident,INC-20260125162530,incidexau@gmail.com,sent,True
2026-01-25T16:25:37.714758,incident,INC-20260125162534,incidexau@gmail.com,sent,True
2026-01-25T16:25:41.123477,incident,INC-20260125162537,incidexau@gmail.com,sent,True
2026-01-25T16:25:44.937727,incident,INC-20260125162541,incidexau@gmail.com,sent,True
2026-01-25T16:25:48.413529,incident,INC-20260125162544,incidexau@gmail.com,sent,True
2026-01-25T16:25:51.840279,incident,INC-20260125162548,incidexau@gmail.com,sent,True
2026-01-25T16:25:55.187057,incident,INC-20260125162551,incidexau@gmail.com,sent,True
2026-01-25T16:25:58.984091,incident,INC-20260125162555,incidexau@gmail.com,sent,True
2026-01-25T16:26:02.438968,incident,INC-20260125162558,incidexau@gmail.com,sent,True
2026-01-25T16:26:05.879927,incident,INC-20260125162602,incidexau@gmail.com,sent,True
2026-01-25T16:26:09.315798,incident,INC-20260125162605,incidexau@gmail.com,sent,True
2026-01-25T16:26:12.996373,incident,INC-20260125162609,incidexau@gmail.com,sent,True
2026-01-25T16:26:16.580588,incident,INC-20260125162612,incidexau@gmail.com,sent,True
2026-01-25T16:26:19.913234,incident,INC-20260125162616,incidexau@gmail.com,sent,True
2026-01-25T16:26:23.519216,incident,INC-20260125162619,incidexau@gmail.com,sent,True
2026-01-25T16:26:26.942284,incident,INC-20260125162623,incidexau@gmail.com,sent,True
2026-01-25T16:26:30.421658,incident,INC-20260125162626,incidexau@gmail.com,sent,True
2026-01-25T16:26:34.874914,incident,INC-20260125162630,incidexau@gmail.com,sent,True
2026-01-25T16:26:38.421811,incident,INC-20260125162634,incidexau@gmail.com,sent,True
2026-01-25T16:26:41.945196,incident,INC-20260125162638,incidexau@gmail.com,sent,True
2026-01-25T16:26:45.304232,incident,INC-20260125162641,incidexau@gmail.com,sent,True
2026-01-25T16:26:48.725985,incident,INC-20260125162645,incidexau@gmail.com,sent,True
2026-01-25T16:26:52.137901,incident,INC-20260125162648,incidexau@gmail.com,sent,True
2026-01-25T16:26:55.767911,incident,INC-20260125162652,incidexau@gmail.com,sent,True
2026-01-25T16:26:59.724409,incident,INC-20260125162655,incidexau@gmail.com,sent,True
2026-01-25T16:27:03.208560,incident,INC-20260125162659,incidexau@gmail.com,sent,True
2026-01-25T16:27:06.612227,incident,INC-20260125162703,incidexau@gmail.com,sent,True
2026-01-25T16:27:10.087840,incident,INC-20260125162706,incidexau@gmail.com,sent,True
2026-01-25T16:27:13.650746,incident,INC-20260125162710,incidexau@gmail.com,sent,True
2026-01-25T16:27:17.077893,incident,INC-20260125162713,incidexau@gmail.com,sent,True
2026-01-25T16:27:20.672285,incident,INC-20260125162717,incidexau@gmail.com,sent,True
2026-01-25T16:27:24.196264,incident,INC-20260125162720,incidexau@gmail.com,sent,True
2026-01-25T16:27:28.217622,incident,INC-20260125162724,incidexau@gmail.com,sent,True
2026-01-25T16:27:31.687712,incident,INC-20260125162728,incidexau@gmail.com,sent,True
2026-01-25T16:27:35.032323,incident,INC-20260125162731,incidexau@gmail.com,sent,True
2026-01-25T16:27:38.514927,incident,INC-20260125162735,incidexau@gmail.com,sent,True
2026-01-25T16:27:41.948162,incident,INC-20260125162738,incidexau@gmail.com,sent,True
2026-01-25T16:27:45.263342,incident,INC-20260125162741,incidexau@gmail.com,sent,True
2026-01-25T16:27:48.748366,incident,INC-20260125162745,incidexau@gmail.com,sent,True
2026-01-25T16:27:52.799228,incident,INC-20260125162748,incidexau@gmail.com,sent,True
2026-01-25T16:27:56.251429,incident,INC-20260125162752,incidexau@gmail.com,sent,True
2026-01-25T16:27:59.638014,incident,INC-20260125162756,incidexau@gmail.com,sent,True
2026-01-25T16:28:03.047513,incident,INC-20260125162759,incidexau@gmail.com,sent,True
2026-01-25T16:28:06.786419,incident,INC-20260125162803,incidexau@gmail.com,sent,True
2026-01-25T16:28:10.875001,incident,INC-20260125162806,incidexau@gmail.com,sent,True
2026-01-25T16:28:14.780056,incident,INC-20260125162810,incidexau@gmail.com,sent,True
2026-01-25T16:28:18.954058,incident,INC-20260125162814,incidexau@gmail.com,sent,True
2026-01-25T16:28:22.939591,incident,INC-20260125162818,incidexau@gmail.com,sent,True
2026-01-25T16:28:26.346919,incident,INC-20260125162822,incidexau@gmail.com,sent,True
2026-01-25T16:28:29.677226,incident,INC-20260125162826,incidexau@gmail.com,sent,True
2026-01-25T16:28:33.113235,incident,INC-20260125162829,incidexau@gmail.com,sent,True
2026-01-25T16:28:36.987292,incident,INC-20260125162833,incidexau@gmail.com,sent,True
2026-01-25T16:28:40.416090,incident,INC-20260125162836,incidexau@gmail.com,sent,True
2026-01-25T16:28:43.808575,incident,INC-20260125162840,incidexau@gmail.com,sent,True
2026-01-25T16:28:47.968361,incident,INC-20260125162843,incidexau@gmail.com,sent,True
2026-01-25T16:28:51.442507,incident,INC-20260125162847,incidexau@gmail.com,sent,True
2026-01-25T16:28:55.884002,incident,INC-20260125162851,incidexau@gmail.com,sent,True
2026-01-25T16:28:59.248933,incident,INC-20260125162855,incidexau@gmail.com,sent,True
2026-01-25T16:29:02.683603,incident,INC-20260125162859,incidexau@gmail.com,sent,True
2026-01-25T16:29:06.119116,incident,INC-20260125162902,incidexau@gmail.com,sent,True
2026-01-25T16:29:09.998128,incident,INC-20260125162906,incidexau@gmail.com,sent,True
2026-01-25T16:29:13.468930,incident,INC-20260125162910,incidexau@gmail.com,sent,True
2026-01-25T16:29:16.871374,incident,INC-20260125162913,incidexau@gmail.com,sent,True
2026-01-25T16:29:20.262341,incident,INC-20260125162916,incidexau@gmail.com,sent,True
2026-01-25T16:29:23.631513,incident,INC-20260125162920,incidexau@gmail.com,sent,True
2026-01-25T16:29:27.017853,incident,INC-20260125162923,incidexau@gmail.com,sent,True
2026-01-25T16:29:30.385939,incident,INC-20260125162927,incidexau@gmail.com,sent,True
2026-01-25T16:29:34.303378,incident,INC-20260125162930,incidexau@gmail.com,sent,True
2026-01-25T16:29:37.751139,incident,INC-20260125162934,incidexau@gmail.com,sent,True
2026-01-25T16:29:41.109945,incident,INC-20260125162937,incidexau@gmail.com,sent,True
2026-01-25T16:29:44.513408,incident,INC-20260125162941,incidexau@gmail.com,sent,True
2026-01-25T16:29:47.854424,incident,INC-20260125162944,incidexau@gmail.com,sent,True
2026-01-25T16:29:51.673256,incident,INC-20260125162947,incidexau@gmail.com,sent,True
2026-01-25T16:29:55.183786,incident,INC-20260125162951,incidexau@gmail.com,sent,True
2026-01-25T16:29:58.676706,incident,INC-20260125162955,incidexau@gmail.com,sent,True
2026-01-25T16:30:02.867717,incident,INC-20260125162958,incidexau@gmail.com,sent,True
2026-01-25T16:30:06.382063,incident,INC-20260125163002,incidexau@gmail.com,sent,True
2026-01-25T16:30:10.328481,incident,INC-20260125163006,incidexau@gmail.com,sent,True
2026-01-25T16:30:13.675040,incident,INC-20260125163010,incidexau@gmail.com,sent,True
2026-01-25T16:30:17.182856,incident,INC-20260125163013,incidexau@gmail.com,sent,True
2026-01-25T16:30:20.507121,incident,INC-20260125163017,incidexau@gmail.com,sent,True
2026-01-25T16:30:24.026324,incident,INC-20260125163020,incidexau@gmail.com,sent,True
2026-01-25T16:30:27.444968,incident,INC-20260125163024,incidexau@gmail.com,sent,True
2026-01-25T16:30:30.943815,incident,INC-20260125163027,incidexau@gmail.com,sent,True
2026-01-25T16:30:34.292093,incident,INC-20260125163030,incidexau@gmail.com,sent,True
2026-01-25T16:30:37.860401,incident,INC-20260125163034,incidexau@gmail.com,sent,True
2026-01-25T16:30:42.746724,incident,INC-20260125163037,incidexau@gmail.com,sent,True
2026-01-25T16:30:46.486754,incident,INC-20260125163042,incidexau@gmail.com,sent,True
2026-01-25T16:30:49.986836,incident,INC-20260125163046,incidexau@gmail.com,sent,True
2026-01-25T16:30:54.015667,incident,INC-20260125163049,incidexau@gmail.com,sent,True
2026-01-25T16:30:58.239739,incident,INC-20260125163054,incidexau@gmail.com,sent,True
2026-01-25T16:31:02.237005,incident,INC-20260125163058,incidexau@gmail.com,sent,True
2026-01-25T16:31:05.589866,incident,INC-20260125163102,incidexau@gmail.com,sent,True
2026-01-25T16:31:08.988356,incident,INC-20260125163105,incidexau@gmail.com,sent,True
2026-01-25T16:31:12.818465,incident,INC-20260125163108,incidexau@gmail.com,sent,True
2026-01-25T16:31:16.292523,incident,INC-20260125163112,incidexau@gmail.com,sent,True
2026-01-25T16:31:19.776549,incident,INC-20260125163116,incidexau@gmail.com,sent,True
2026-01-25T16:31:23.155567,incident,INC-20260125163119,incidexau@gmail.com,sent,True
2026-01-25T16:31:26.648931,incident,INC-20260125163123,incidexau@gmail.com,sent,True
2026-01-25T16:31:30.025402,incident,INC-20260125163126,incidexau@gmail.com,sent,True
2026-01-25T16:31:33.547885,incident,INC-20260125163130,incidexau@gmail.com,sent,True
2026-01-25T16:31:37.052942,incident,INC-20260125163133,incidexau@gmail.com,sent,True
2026-01-25T16:31:40.608742,incident,INC-20260125163137,incidexau@gmail.com,sent,True
2026-01-25T16:31:44.075081,incident,INC-20260125163140,incidexau@gmail.com,sent,True
2026-01-25T16:31:47.413574,incident,INC-20260125163144,incidexau@gmail.com,sent,True
2026-01-25T16:31:51.194285,incident,INC-20260125163147,incidexau@gmail.com,sent,True
2026-01-25T16:31:54.559029,incident,INC-20260125163151,incidexau@gmail.com,sent,True
2026-01-25T16:31:58.069015,incident,INC-20260125163154,incidexau@gmail.com,sent,True
2026-01-25T16:32:01.632377,incident,INC-20260125163158,incidexau@gmail.com,sent,True
2026-01-25T16:32:05.904143,incident,INC-20260125163201,incidexau@gmail.com,sent,True
2026-01-25T16:32:09.428380,incident,INC-20260125163205,incidexau@gmail.com,sent,True
2026-01-25T16:32:12.837733,incident,INC-20260125163209,incidexau@gmail.com,sent,True
2026-01-25T16:32:16.243940,incident,INC-20260125163212,incidexau@gmail.com,sent,True
2026-01-25T16:32:19.601403,incident,INC-20260125163216,incidexau@gmail.com,sent,True
2026-01-25T16:32:23.065498,incident,INC-20260125163219,incidexau@gmail.com,sent,True
2026-01-25T16:32:26.885167,incident,INC-20260125163223,incidexau@gmail.com,sent,True
2026-01-25T16:32:30.198241,incident,INC-20260125163226,incidexau@gmail.com,sent,True
2026-01-25T16:32:33.751289,incident,INC-20260125163230,incidexau@gmail.com,sent,True
2026-01-25T16:32:37.264757,incident,INC-20260125163233,incidexau@gmail.com,sent,True
2026-01-25T16:32:41.404676,incident,INC-20260125163237,incidexau@gmail.com,sent,True
2026-01-25T16:32:45.078249,incident,INC-20260125163241,incidexau@gmail.com,sent,True
2026-01-25T16:32:48.556062,incident,INC-20260125163245,incidexau@gmail.com,sent,True
2026-01-25T16:32:52.064934,incident,INC-20260125163248,incidexau@gmail.com,sent,True
2026-01-25T16:32:55.834144,incident,INC-20260125163252,incidexau@gmail.com,sent,True
2026-01-25T16:32:59.168410,incident,INC-20260125163255,incidexau@gmail.com,sent,True
2026-01-25T16:33:02.645736,incident,INC-20260125163259,incidexau@gmail.com,sent,True
2026-01-25T16:33:05.911369,incident,INC-20260125163302,incidexau@gmail.com,sent,True
2026-01-25T16:33:09.334869,incident,INC-20260125163305,incidexau@gmail.com,sent,True
2026-01-25T16:33:12.731270,incident,INC-20260125163309,incidexau@gmail.com,sent,True
2026-01-25T16:33:16.157369,incident,INC-20260125163312,incidexau@gmail.com,sent,True
2026-01-25T16:33:19.603307,incident,INC-20260125163316,incidexau@gmail.com,sent,True
2026-01-25T16:33:22.995921,incident,INC-20260125163319,incidexau@gmail.com,sent,True
2026-01-25T16:33:26.338763,incident,INC-20260125163323,incidexau@gmail.com,sent,True
2026-01-25T16:33:29.763759,incident,INC-20260125163326,incidexau@gmail.com,sent,True
2026-01-25T16:33:33.125526,incident,INC-20260125163329,incidexau@gmail.com,sent,True
2026-01-25T16:33:36.528504,incident,INC-20260125163333,incidexau@gmail.com,sent,True
2026-01-25T16:33:39.981010,incident,INC-20260125163336,incidexau@gmail.com,sent,True
2026-01-25T16:33:43.489670,incident,INC-20260125163339,incidexau@gmail.com,sent,True
2026-01-25T16:33:46.977208,incident,INC-20260125163343,incidexau@gmail.com,sent,True
2026-01-25T16:33:50.338917,incident,INC-20260125163346,incidexau@gmail.com,sent,True
2026-01-25T16:33:53.750689,incident,INC-20260125163350,incidexau@gmail.com,sent,True
2026-01-25T16:33:57.104878,incident,INC-20260125163353,incidexau@gmail.com,sent,True
2026-01-25T16:34:00.452288,incident,INC-20260125163357,incidexau@gmail.com,sent,True
2026-01-25T16:34:04.263431,incident,INC-20260125163400,incidexau@gmail.com,sent,True
2026-01-25T16:34:07.634302,incident,INC-20260125163404,incidexau@gmail.com,sent,True
2026-01-25T16:34:11.093143,incident,INC-20260125163407,incidexau@gmail.com,sent,True
2026-01-25T16:34:14.663178,incident,INC-20260125163411,incidexau@gmail.com,sent,True
2026-01-25T16:34:18.074738,incident,INC-20260125163414,incidexau@gmail.com,sent,True
2026-01-25T16:34:21.377253,incident,INC-20260125163418,incidexau@gmail.com,sent,True
2026-01-25T16:34:24.678796,incident,INC-20260125163421,incidexau@gmail.com,sent,True
2026-01-25T16:34:28.030464,incident,INC-20260125163424,incidexau@gmail.com,sent,True
2026-01-25T16:34:31.415800,incident,INC-20260125163428,incidexau@gmail.com,sent,True
2026-01-25T16:34:34.788252,incident,INC-20260125163431,incidexau@gmail.com,sent,True
2026-01-25T16:34:38.137514,incident,INC-20260125163434,incidexau@gmail.com,sent,True
2026-01-25T16:34:41.515655,incident,INC-20260125163438,incidexau@gmail.com,sent,True
2026-01-25T16:34:45.056546,incident,INC-20260125163441,incidexau@gmail.com,sent,True
2026-01-25T16:34:48.439097,incident,INC-20260125163445,incidexau@gmail.com,sent,True
2026-01-25T16:34:51.827041,incident,INC-20260125163448,incidexau@gmail.com,sent,True
2026-01-25T16:34:55.225809,incident,INC-20260125163451,incidexau@gmail.com,sent,True
2026-01-25T16:34:58.677045,incident,INC-20260125163455,incidexau@gmail.com,sent,True
2026-01-25T16:35:02.205219,incident,INC-20260125163458,incidexau@gmail.com,sent,True
2026-01-25T16:35:05.588256,incident,INC-20260125163502,incidexau@gmail.com,sent,True
2026-01-25T16:35:09.436219,incident,INC-20260125163505,incidexau@gmail.com,sent,True
2026-01-25T16:35:12.826490,incident,INC-20260125163509,incidexau@gmail.com,sent,True
2026-01-25T16:35:16.564483,incident,INC-20260125163512,incidexau@gmail.com,sent,True
2026-01-25T16:35:20.068079,incident,INC-20260125163516,incidexau@gmail.com,sent,True
2026-01-25T16:35:23.470964,incident,INC-20260125163520,incidexau@gmail.com,sent,True
2026-01-25T16:35:26.833864,incident,INC-20260125163523,incidexau@gmail.com,sent,True
2026-01-25T16:35:30.295256,incident,INC-20260125163526,incidexau@gmail.com,sent,True
2026-01-25T16:35:33.666934,incident,INC-20260125163530,incidexau@gmail.com,sent,True
2026-01-25T16:35:36.991273,incident,INC-20260125163533,incidexau@gmail.com,sent,True
2026-01-25T16:35:40.338804,incident,INC-20260125163536,incidexau@gmail.com,sent,True
2026-01-25T16:35:43.782579,incident,INC-20260125163540,incidexau@gmail.com,sent,True
2026-01-25T16:35:47.171850,incident,INC-20260125163543,incidexau@gmail.com,sent,True
2026-01-25T16:35:51.047229,incident,INC-20260125163547,incidexau@gmail.com,sent,True
2026-01-25T16:35:54.464477,incident,INC-20260125163551,incidexau@gmail.com,sent,True
2026-01-25T16:35:57.884522,incident,INC-20260125163554,incidexau@gmail.com,sent,True
2026-01-25T16:36:01.633751,incident,INC-20260125163557,incidexau@gmail.com,sent,True
2026-01-25T16:36:05.160726,incident,INC-20260125163601,incidexau@gmail.com,sent,True
2026-01-25T16:36:08.539387,incident,INC-20260125163605,incidexau@gmail.com,sent,True
2026-01-25T16:36:12.287436,incident,INC-20260125163608,incidexau@gmail.com,sent,True
2026-01-25T16:36:15.636852,incident,INC-20260125163612,incidexau@gmail.com,sent,True
2026-01-25T16:36:19.018343,incident,INC-20260125163615,incidexau@gmail.com,sent,True
2026-01-25T16:36:22.354761,incident,INC-20260125163619,incidexau@gmail.com,sent,True
2026-01-25T16:36:25.794639,incident,INC-20260125163622,incidexau@gmail.com,sent,True
2026-01-25T16:36:29.231001,incident,INC-20260125163625,incidexau@gmail.com,sent,True
2026-01-25T16:36:32.949904,incident,INC-20260125163629,incidexau@gmail.com,sent,True
2026-01-25T16:36:36.302604,incident,INC-20260125163632,incidexau@gmail.com,sent,True
2026-01-25T16:36:40.306393,incident,INC-20260125163636,incidexau@gmail.com,sent,True
2026-01-25T16:36:43.739255,incident,INC-20260125163640,incidexau@gmail.com,sent,True
2026-01-25T16:36:47.503328,incident,INC-20260125163643,incidexau@gmail.com,sent,True
2026-01-25T16:36:50.880366,incident,INC-20260125163647,incidexau@gmail.com,sent,True
2026-01-25T16:36:54.234548,incident,INC-20260125163650,incidexau@gmail.com,sent,True
2026-01-25T16:36:57.772618,incident,INC-20260125163654,incidexau@gmail.com,sent,True
2026-01-25T16:37:02.263107,incident,INC-20260125163657,incidexau@gmail.com,sent,True
2026-01-25T16:37:05.745937,incident,INC-20260125163702,incidexau@gmail.com,sent,True
2026-01-25T16:37:09.086697,incident,INC-20260125163705,incidexau@gmail.com,sent,True
2026-01-25T16:37:12.507602,incident,INC-20260125163709,incidexau@gmail.com,sent,True
2026-01-25T16:37:15.909109,incident,INC-20260125163712,incidexau@gmail.com,sent,True
2026-01-25T16:37:19.310376,incident,INC-20260125163715,incidexau@gmail.com,sent,True
2026-01-25T16:37:23.309237,incident,INC-20260125163719,incidexau@gmail.com,sent,True
2026-01-25T16:37:26.660558,incident,INC-20260125163723,incidexau@gmail.com,sent,True
2026-01-25T16:37:30.042909,incident,INC-20260125163726,incidexau@gmail.com,sent,True
2026-01-25T16:37:33.369135,incident,INC-20260125163730,incidexau@gmail.com,sent,True
2026-01-25T16:37:37.501886,incident,INC-20260125163733,incidexau@gmail.com,sent,True
2026-01-25T16:37:41.204457,incident,INC-20260125163737,incidexau@gmail.com,sent,True
2026-01-25T16:37:44.603215,incident,INC-20260125163741,incidexau@gmail.com,sent,True
2026-01-25T16:37:47.887445,incident,INC-20260125163744,incidexau@gmail.com,sent,True
2026-01-25T16:37:51.262266,incident,INC-20260125163747,incidexau@gmail.com,sent,True
2026-01-25T16:37:54.622257,incident,INC-20260125163751,incidexau@gmail.com,sent,True
2026-01-25T16:37:57.993694,incident,INC-20260125163754,incidexau@gmail.com,sent,True
2026-01-25T16:38:01.291182,incident,INC-20260125163757,incidexau@gmail.com,sent,True
2026-01-25T16:38:04.657941,incident,INC-20260125163801,incidexau@gmail.com,sent,True
2026-01-25T16:38:07.972346,incident,INC-20260125163804,incidexau@gmail.com,sent,True
2026-01-25T16:38:11.288254,incident,INC-20260125163807,incidexau@gmail.com,sent,True
2026-01-25T16:38:15.115259,incident,INC-20260125163811,incidexau@gmail.com,sent,True
2026-01-25T16:38:18.807919,incident,INC-20260125163815,incidexau@gmail.com,sent,True
2026-01-25T16:38:22.565919,incident,INC-20260125163818,incidexau@gmail.com,sent,True
2026-01-25T16:38:25.884726,incident,INC-20260125163822,incidexau@gmail.com,sent,True
2026-01-25T16:38:30.017717,incident,INC-20260125163825,incidexau@gmail.com,sent,True
2026-01-25T16:38:33.519357,incident,INC-20260125163830,incidexau@gmail.com,sent,True
2026-01-25T16:38:36.916581,incident,INC-20260125163833,incidexau@gmail.com,sent,True
2026-01-25T16:38:40.613934,incident,INC-20260125163836,incidexau@gmail.com,sent,True
2026-01-25T16:38:43.954086,incident,INC-20260125163840,incidexau@gmail.com,sent,True
2026-01-25T16:38:47.229610,incident,INC-20260125163843,incidexau@gmail.com,sent,True
2026-01-25T16:38:50.570518,incident,INC-20260125163847,incidexau@gmail.com,sent,True
2026-01-25T16:43:57.369625,incident,INC-20260125164353,incidexau@gmail.com,sent,True
2026-01-25T16:44:00.714560,incident,INC-20260125164357,incidexau@gmail.com,sent,True
2026-01-25T16:44:04.082256,incident,INC-20260125164400,incidexau@gmail.com,sent,True
2026-01-25T16:44:07.457087,incident,INC-20260125164404,incidexau@gmail.com,sent,True
2026-01-25T16:44:11.014175,incident,INC-20260125164407,incidexau@gmail.com,sent,True
2026-01-25T16:44:14.397767,incident,INC-20260125164411,incidexau@gmail.com,sent,True
2026-01-25T16:44:17.737518,incident,INC-20260125164414,incidexau@gmail.com,sent,True
2026-01-25T16:44:21.110043,incident,INC-20260125164417,incidexau@gmail.com,sent,True
2026-01-25T16:44:25.570565,incident,INC-20260125164421,incidexau@gmail.com,sent,True
2026-01-25T16:44:28.919108,incident,INC-20260125164425,incidexau@gmail.com,sent,True
2026-01-25T16:44:32.303170,incident,INC-20260125164428,incidexau@gmail.com,sent,True
2026-01-25T16:44:35.686343,incident,INC-20260125164432,incidexau@gmail.com,sent,True
2026-01-25T16:44:39.085764,incident,INC-20260125164435,incidexau@gmail.com,sent,True
2026-01-25T16:44:42.459245,incident,INC-20260125164439,incidexau@gmail.com,sent,True
2026-01-25T16:44:46.251123,incident,INC-20260125164442,incidexau@gmail.com,sent,True
2026-01-25T16:44:49.575482,incident,INC-20260125164446,incidexau@gmail.com,sent,True
2026-01-25T16:44:52.906575,incident,INC-20260125164449,incidexau@gmail.com,sent,True
2026-01-25T16:44:57.196355,incident,INC-20260125164452,incidexau@gmail.com,sent,True
2026-01-25T16:45:00.638082,incident,INC-20260125164457,incidexau@gmail.com,sent,True
2026-01-25T16:45:04.433470,incident,INC-20260125164500,incidexau@gmail.com,sent,True
2026-01-25T16:45:08.445840,incident,INC-20260125164504,incidexau@gmail.com,sent,True
2026-01-25T16:45:12.485678,incident,INC-20260125164508,incidexau@gmail.com,sent,True
2026-01-25T16:45:16.439304,incident,INC-20260125164512,incidexau@gmail.com,sent,True
2026-01-25T16:45:20.246510,incident,INC-20260125164516,incidexau@gmail.com,sent,True
2026-01-25T16:45:23.584210,incident,INC-20260125164520,incidexau@gmail.com,sent,True
2026-01-25T16:45:27.474111,incident,INC-20260125164523,incidexau@gmail.com,sent,True
2026-01-25T16:45:31.326112,incident,INC-20260125164527,incidexau@gmail.com,sent,True
2026-01-25T16:45:36.768269,incident,INC-20260125164531,incidexau@gmail.com,sent,True
2026-01-25T16:45:40.178248,incident,INC-20260125164536,incidexau@gmail.com,sent,True
2026-01-25T16:45:43.588096,incident,INC-20260125164540,incidexau@gmail.com,sent,True
2026-01-25T16:45:47.475488,incident,INC-20260125164543,incidexau@gmail.com,sent,True
2026-01-25T16:45:50.806304,incident,INC-20260125164547,incidexau@gmail.com,sent,True
2026-01-25T16:45:54.150157,incident,INC-20260125164550,incidexau@gmail.com,sent,True
2026-01-25T16:45:57.572674,incident,INC-20260125164554,incidexau@gmail.com,sent,True
2026-01-25T16:46:01.005465,incident,INC-20260125164557,incidexau@gmail.com,sent,True
2026-01-25T16:46:04.439831,incident,INC-20260125164601,incidexau@gmail.com,sent,True
2026-01-25T16:46:08.301223,incident,INC-20260125164604,incidexau@gmail.com,sent,True
2026-01-25T16:46:11.668886,incident,INC-20260125164608,incidexau@gmail.com,sent,True
2026-01-25T16:46:14.987480,incident,INC-20260125164611,incidexau@gmail.com,sent,True
2026-01-25T16:46:18.312180,incident,INC-20260125164614,incidexau@gmail.com,sent,True
2026-01-25T16:46:21.656543,incident,INC-20260125164618,incidexau@gmail.com,sent,True
2026-01-25T16:46:25.050585,incident,INC-20260125164621,incidexau@gmail.com,sent,True
2026-01-25T16:46:28.529032,incident,INC-20260125164625,incidexau@gmail.com,sent,True
2026-01-25T16:46:31.876839,incident,INC-20260125164628,incidexau@gmail.com,sent,True
2026-01-25T16:46:35.794995,incident,INC-20260125164631,incidexau@gmail.com,sent,True
2026-01-25T16:46:39.233129,incident,INC-20260125164635,incidexau@gmail.com,sent,True
2026-01-25T16:46:42.724326,incident,INC-20260125164639,incidexau@gmail.com,sent,True
2026-01-25T16:46:47.020148,incident,INC-20260125164642,incidexau@gmail.com,sent,True
2026-01-25T16:46:50.976184,incident,INC-20260125164647,incidexau@gmail.com,sent,True
2026-01-25T16:46:54.873395,incident,INC-20260125164650,incidexau@gmail.com,sent,True
2026-01-25T16:46:59.125003,incident,INC-20260125164654,incidexau@gmail.com,sent,True
2026-01-25T16:47:02.506884,incident,INC-20260125164659,incidexau@gmail.com,sent,True
2026-01-25T16:47:05.861013,incident,INC-20260125164702,incidexau@gmail.com,sent,True
2026-01-25T16:47:09.218335,incident,INC-20260125164705,incidexau@gmail.com,sent,True
2026-01-25T16:47:12.612449,incident,INC-20260125164709,incidexau@gmail.com,sent,True
2026-01-25T16:47:15.975225,incident,INC-20260125164712,incidexau@gmail.com,sent,True
2026-01-25T16:47:19.374611,incident,INC-20260125164715,incidexau@gmail.com,sent,True
2026-01-25T16:47:22.776320,incident,INC-20260125164719,incidexau@gmail.com,sent,True
2026-01-25T16:47:26.158167,incident,INC-20260125164722,incidexau@gmail.com,sent,True
2026-01-25T16:47:29.557738,incident,INC-20260125164726,incidexau@gmail.com,sent,True
2026-01-25T16:47:32.918711,incident,INC-20260125164729,incidexau@gmail.com,sent,True
2026-01-25T16:47:36.251919,incident,INC-20260125164732,incidexau@gmail.com,sent,True
2026-01-25T16:47:39.595312,incident,INC-20260125164736,incidexau@gmail.com,sent,True
2026-01-25T16:47:43.017113,incident,INC-20260125164739,incidexau@gmail.com,sent,True
2026-01-25T16:47:46.376624,incident,INC-20260125164743,incidexau@gmail.com,sent,True
2026-01-25T16:47:50.548897,incident,INC-20260125164746,incidexau@gmail.com,sent,True
2026-01-25T16:47:55.162972,incident,INC-20260125164750,incidexau@gmail.com,sent,True
2026-01-25T16:47:58.493981,incident,INC-20260125164755,incidexau@gmail.com,sent,True
2026-01-25T16:48:01.917885,incident,INC-20260125164758,incidexau@gmail.com,sent,True
2026-01-25T16:48:05.292128,incident,INC-20260125164801,incidexau@gmail.com,sent,True
2026-01-25T16:48:08.730532,incident,INC-20260125164805,incidexau@gmail.com,sent,True
2026-01-25T16:48:12.070048,incident,INC-20260125164808,incidexau@gmail.com,sent,True
2026-01-25T16:48:15.515447,incident,INC-20260125164812,incidexau@gmail.com,sent,True
2026-01-25T16:48:18.884431,incident,INC-20260125164815,incidexau@gmail.com,sent,True
2026-01-25T16:48:22.214925,incident,INC-20260125164818,incidexau@gmail.com,sent,True
2026-01-25T16:48:26.042059,incident,INC-20260125164822,incidexau@gmail.com,sent,True
2026-01-25T16:48:29.429247,incident,INC-20260125164826,incidexau@gmail.com,sent,True
2026-01-25T16:48:32.868655,incident,INC-20260125164829,incidexau@gmail.com,sent,True
2026-01-25T16:48:36.234512,incident,INC-20260125164832,incidexau@gmail.com,sent,True
2026-01-25T16:48:39.701430,incident,INC-20260125164836,incidexau@gmail.com,sent,True
2026-01-25T16:48:44.057942,incident,INC-20260125164839,incidexau@gmail.com,sent,True
2026-01-25T16:48:47.381062,incident,INC-20260125164844,incidexau@gmail.com,sent,True
2026-01-25T16:48:50.669212,incident,INC-20260125164847,incidexau@gmail.com,sent,True
2026-01-25T16:48:54.557213,incident,INC-20260125164850,incidexau@gmail.com,sent,True
2026-01-25T16:48:57.958294,incident,INC-20260125164854,incidexau@gmail.com,sent,True
2026-01-25T16:49:01.258758,incident,INC-20260125164857,incidexau@gmail.com,sent,True
2026-01-25T16:49:04.606097,incident,INC-20260125164901,incidexau@gmail.com,sent,True
2026-01-25T16:49:08.486721,incident,INC-20260125164904,incidexau@gmail.com,sent,True
2026-01-25T16:49:12.080250,incident,INC-20260125164908,incidexau@gmail.com,sent,True
2026-01-25T16:49:15.410822,incident,INC-20260125164912,incidexau@gmail.com,sent,True
2026-01-25T16:49:18.848679,incident,INC-20260125164915,incidexau@gmail.com,sent,True
2026-01-25T16:49:22.191105,incident,INC-20260125164918,incidexau@gmail.com,sent,True
2026-01-25T16:49:25.584558,incident,INC-20260125164922,incidexau@gmail.com,sent,True
2026-01-25T16:49:29.044016,incident,INC-20260125164925,incidexau@gmail.com,sent,True
2026-01-25T16:49:32.425305,incident,INC-20260125164929,incidexau@gmail.com,sent,True
2026-01-25T16:49:35.765778,incident,INC-20260125164932,incidexau@gmail.com,sent,True
2026-01-25T16:49:39.776757,incident,INC-20260125164935,incidexau@gmail.com,sent,True
2026-01-25T16:49:43.207508,incident,INC-20260125164939,incidexau@gmail.com,sent,True
2026-01-25T16:49:46.564114,incident,INC-20260125164943,incidexau@gmail.com,sent,True
2026-01-25T16:49:49.930335,incident,INC-20260125164946,incidexau@gmail.com,sent,True
2026-01-25T16:49:53.311483,incident,INC-20260125164949,incidexau@gmail.com,sent,True
2026-01-25T16:49:56.661335,incident,INC-20260125164953,incidexau@gmail.com,sent,True
2026-01-25T16:50:00.070107,incident,INC-20260125164956,incidexau@gmail.com,sent,True
2026-01-25T16:50:03.701253,incident,INC-20260125165000,incidexau@gmail.com,sent,True
2026-01-25T16:50:07.090965,incident,INC-20260125165003,incidexau@gmail.com,sent,True
2026-01-25T16:50:10.461617,incident,INC-20260125165007,incidexau@gmail.com,sent,True
2026-01-25T16:50:13.873950,incident,INC-20260125165010,incidexau@gmail.com,sent,True
2026-01-25T16:50:17.186692,incident,INC-20260125165013,incidexau@gmail.com,sent,True
2026-01-25T16:50:20.584480,incident,INC-20260125165017,incidexau@gmail.com,sent,True
2026-01-25T16:50:24.005683,incident,INC-20260125165020,incidexau@gmail.com,sent,True
2026-01-25T16:50:27.378438,incident,INC-20260125165024,incidexau@gmail.com,sent,True
2026-01-25T16:50:30.762792,incident,INC-20260125165027,incidexau@gmail.com,sent,True
2026-01-25T16:50:34.132051,incident,INC-20260125165030,incidexau@gmail.com,sent,True
2026-01-25T16:50:38.209336,incident,INC-20260125165034,incidexau@gmail.com,sent,True
2026-01-25T16:50:42.062626,incident,INC-20260125165038,incidexau@gmail.com,sent,True
2026-01-25T16:50:45.378325,incident,INC-20260125165042,incidexau@gmail.com,sent,True
2026-01-25T16:50:48.722567,incident,INC-20260125165045,incidexau@gmail.com,sent,True
2026-01-25T16:50:52.134383,incident,INC-20260125165048,incidexau@gmail.com,sent,True
2026-01-25T16:50:55.557576,incident,INC-20260125165052,incidexau@gmail.com,sent,True
2026-01-25T16:50:58.981882,incident,INC-20260125165055,incidexau@gmail.com,sent,True
2026-01-25T16:51:02.295218,incident,INC-20260125165058,incidexau@gmail.com,sent,True
2026-01-25T16:51:05.647722,incident,INC-20260125165102,incidexau@gmail.com,sent,True
2026-01-25T16:51:09.426308,incident,INC-20260125165105,incidexau@gmail.com,sent,True
2026-01-25T16:51:12.793924,incident,INC-20260125165109,incidexau@gmail.com,sent,True
2026-01-25T16:51:16.216620,incident,INC-20260125165112,incidexau@gmail.com,sent,True
2026-01-25T16:51:19.575819,incident,INC-20260125165116,incidexau@gmail.com,sent,True
2026-01-25T16:51:22.929660,incident,INC-20260125165119,incidexau@gmail.com,sent,True
2026-01-25T16:51:26.662084,incident,INC-20260125165122,incidexau@gmail.com,sent,True
2026-01-25T16:51:30.012123,incident,INC-20260125165126,incidexau@gmail.com,sent,True
2026-01-25T16:51:33.332845,incident,INC-20260125165130,incidexau@gmail.com,sent,True
2026-01-25T16:51:37.094872,incident,INC-20260125165133,incidexau@gmail.com,sent,True
2026-01-25T16:51:40.459285,incident,INC-20260125165137,incidexau@gmail.com,sent,True
2026-01-25T16:51:43.856500,incident,INC-20260125165140,incidexau@gmail.com,sent,True
2026-01-25T16:51:47.199775,incident,INC-20260125165143,incidexau@gmail.com,sent,True
2026-01-25T16:51:50.600264,incident,INC-20260125165147,incidexau@gmail.com,sent,True
2026-01-25T16:51:54.028314,incident,INC-20260125165150,incidexau@gmail.com,sent,True
2026-01-25T16:51:57.449505,incident,INC-20260125165154,incidexau@gmail.com,sent,True
2026-01-25T16:52:00.938473,incident,INC-20260125165157,incidexau@gmail.com,sent,True
2026-01-25T16:52:04.744128,incident,INC-20260125165200,incidexau@gmail.com,sent,True
2026-01-25T16:52:08.078829,incident,INC-20260125165204,incidexau@gmail.com,sent,True
2026-01-25T16:52:11.493999,incident,INC-20260125165208,incidexau@gmail.com,sent,True
2026-01-25T16:52:14.875008,incident,INC-20260125165211,incidexau@gmail.com,sent,True
2026-01-25T16:52:18.222047,incident,INC-20260125165214,incidexau@gmail.com,sent,True
2026-01-25T16:52:22.087692,incident,INC-20260125165218,incidexau@gmail.com,sent,True
2026-01-25T16:52:26.514240,incident,INC-20260125165222,incidexau@gmail.com,sent,True
2026-01-25T16:52:30.327347,incident,INC-20260125165226,incidexau@gmail.com,sent,True
2026-01-25T16:52:33.688627,incident,INC-20260125165230,incidexau@gmail.com,sent,True
2026-01-25T16:52:37.631369,incident,INC-20260125165233,incidexau@gmail.com,sent,True
2026-01-25T16:52:41.052298,incident,INC-20260125165237,incidexau@gmail.com,sent,True
2026-01-25T16:52:44.539309,incident,INC-20260125165241,incidexau@gmail.com,sent,True
2026-01-25T16:52:48.019454,incident,INC-20260125165244,incidexau@gmail.com,sent,True
2026-01-25T16:52:51.461595,incident,INC-20260125165248,incidexau@gmail.com,sent,True
2026-01-25T16:52:54.796421,incident,INC-20260125165251,incidexau@gmail.com,sent,True
